pagina_inicio,titulo,nivel
7,Apresentação,1
53,Dizer e Ver em Raymond Roussel,1
65,Um Saber Tão Cruel,1
80,Prefácio à Transgressão,1
99,A Linguagem ao Infinito,1
"112","Distância, Aspecto, Origem",1
127,Posfácio a Flaubert,1
162,A Prosa de Acteão,1
176,Debate sobre o Romance,1
231,Por que se Reedita a Obra de Raymond Roussel?,1
"235","O Mallarmé de J.-P. Richard",1
246,As Damas de Companhia,1
264,Por Trás da Fábula,1
273,O Pensamento do Exterior,1
297,Um Nadador entre Duas Palavras,1
301,Isto Não É um Cachimbo,1
318,O que É um Autor?,1
353,Sete Proposições sobre o Sétimo Anjo,1
"367","Haverá Escândalo, Mas...",1
370,As Monstruosidades da Crítica,1
384,Anti-retro,1
400,A Pintura Fotogênica,1
410,Sobre Marguerite Duras,1
420,"Sade, Sargento do Sexo",1
425,As Manhãs Cinzentas da Tolerância,1
428,Eugène Sue que Eu Amo,1
432,Os Quatro Cavaleiros do Apocalipse e os Vermes Cotidianos,1
435,A Imaginação do Século XIX,1
"441","Pierre Boulez, a Tela Atravessada",1
445,A Música Contemporânea e o Público,1
454,Arqueologia de uma Paixão,1
465,Outros Espaços,1
477,Índice de Obras,1
481,Índice Onomástico,1
485,Organização da Obra Ditos e Escritos,1
